code,industry,industry_sw
sh.600000,J66货币金融服务,证监会行业分类
sh.600009,G56航空运输业,证监会行业分类
sh.600010,C31黑色金属冶炼和压延加工业,证监会行业分类
sh.600011,D44电力、热力生产和供应业,证监会行业分类
sh.600015,J66货币金融服务,证监会行业分类
sh.600016,J66货币金融服务,证监会行业分类
sh.600018,G55水上运输业,证监会行业分类
sh.600019,C31黑色金属冶炼和压延加工业,证监会行业分类
sh.600023,D44电力、热力生产和供应业,证监会行业分类
sh.600025,D44电力、热力生产和供应业,证监会行业分类
sh.600026,G55水上运输业,证监会行业分类
sh.600027,D44电力、热力生产和供应业,证监会行业分类
sh.600028,B07石油和天然气开采业,证监会行业分类
sh.600029,G56航空运输业,证监会行业分类
sh.600030,J67资本市场服务,证监会行业分类
sh.600031,C35专用设备制造业,证监会行业分类
sh.600036,J66货币金融服务,证监会行业分类
sh.600039,E48土木工程建筑业,证监会行业分类
sh.600048,K70房地产业,证监会行业分类
sh.600050,I63电信、广播电视和卫星传输服务,证监会行业分类
sh.600061,J67资本市场服务,证监会行业分类
sh.600066,C36汽车制造业,证监会行业分类
sh.600085,C27医药制造业,证监会行业分类
sh.600089,C38电气机械和器材制造业,证监会行业分类
sh.600104,C36汽车制造业,证监会行业分类
sh.600111,C32有色金属冶炼和压延加工业,证监会行业分类
sh.600115,G56航空运输业,证监会行业分类
sh.600150,C37铁路、船舶、航空航天和其他运输设备制造业,证监会行业分类
sh.600160,C26化学原料和化学制品制造业,证监会行业分类
sh.600161,C27医药制造业,证监会行业分类
sh.600176,C30非金属矿物制品业,证监会行业分类
sh.600183,C39计算机、通信和其他电子设备制造业,证监会行业分类
sh.600188,B06煤炭开采和洗选业,证监会行业分类
sh.600196,C27医药制造业,证监会行业分类
sh.600219,C32有色金属冶炼和压延加工业,证监会行业分类
sh.600233,G60邮政业,证监会行业分类
sh.600276,C27医药制造业,证监会行业分类
sh.600309,C26化学原料和化学制品制造业,证监会行业分类
sh.600346,C28化学纤维制造业,证监会行业分类
sh.600362,C32有色金属冶炼和压延加工业,证监会行业分类
sh.600372,C37铁路、船舶、航空航天和其他运输设备制造业,证监会行业分类
sh.600377,G54道路运输业,证监会行业分类
sh.600406,I65软件和信息技术服务业,证监会行业分类
sh.600415,L72商务服务业,证监会行业分类
sh.600426,C26化学原料和化学制品制造业,证监会行业分类
sh.600436,C27医药制造业,证监会行业分类
sh.600438,C13农副食品加工业,证监会行业分类
sh.600460,C39计算机、通信和其他电子设备制造业,证监会行业分类
sh.600482,C37铁路、船舶、航空航天和其他运输设备制造业,证监会行业分类
sh.600489,B09有色金属矿采选业,证监会行业分类
sh.600515,K70房地产业,证监会行业分类
sh.600519,C15酒、饮料和精制茶制造业,证监会行业分类
sh.600522,C38电气机械和器材制造业,证监会行业分类
sh.600547,B09有色金属矿采选业,证监会行业分类
sh.600570,I65软件和信息技术服务业,证监会行业分类
sh.600584,C39计算机、通信和其他电子设备制造业,证监会行业分类
sh.600585,C30非金属矿物制品业,证监会行业分类
sh.600588,I65软件和信息技术服务业,证监会行业分类
sh.600600,C15酒、饮料和精制茶制造业,证监会行业分类
sh.600660,C30非金属矿物制品业,证监会行业分类
sh.600674,D44电力、热力生产和供应业,证监会行业分类
sh.600690,C38电气机械和器材制造业,证监会行业分类
sh.600741,C36汽车制造业,证监会行业分类
sh.600760,C37铁路、船舶、航空航天和其他运输设备制造业,证监会行业分类
sh.600795,D44电力、热力生产和供应业,证监会行业分类
sh.600803,D45燃气生产和供应业,证监会行业分类
sh.600809,C15酒、饮料和精制茶制造业,证监会行业分类
sh.600845,I65软件和信息技术服务业,证监会行业分类
sh.600875,C34通用设备制造业,证监会行业分类
sh.600886,D44电力、热力生产和供应业,证监会行业分类
sh.600887,C14食品制造业,证监会行业分类
sh.600893,C37铁路、船舶、航空航天和其他运输设备制造业,证监会行业分类
sh.600900,D44电力、热力生产和供应业,证监会行业分类
sh.600905,D44电力、热力生产和供应业,证监会行业分类
sh.600918,J67资本市场服务,证监会行业分类
sh.600919,J66货币金融服务,证监会行业分类
sh.600926,J66货币金融服务,证监会行业分类
sh.600938,B07石油和天然气开采业,证监会行业分类
sh.600941,I63电信、广播电视和卫星传输服务,证监会行业分类
sh.600958,J67资本市场服务,证监会行业分类
sh.600989,C26化学原料和化学制品制造业,证监会行业分类
sh.600999,J67资本市场服务,证监会行业分类
sh.601006,G53铁路运输业,证监会行业分类
sh.601009,J66货币金融服务,证监会行业分类
sh.601012,C38电气机械和器材制造业,证监会行业分类
sh.601018,G55水上运输业,证监会行业分类
sh.601021,G56航空运输业,证监会行业分类
sh.601058,C29橡胶和塑料制品业,证监会行业分类
sh.601066,J67资本市场服务,证监会行业分类
sh.601077,J66货币金融服务,证监会行业分类
sh.601088,B06煤炭开采和洗选业,证监会行业分类
sh.601100,C35专用设备制造业,证监会行业分类
sh.601111,G56航空运输业,证监会行业分类
sh.601117,E48土木工程建筑业,证监会行业分类
sh.601127,C36汽车制造业,证监会行业分类
sh.601138,C39计算机、通信和其他电子设备制造业,证监会行业分类
sh.601166,J66货币金融服务,证监会行业分类
sh.601169,J66货币金融服务,证监会行业分类
sh.601186,E48土木工程建筑业,证监会行业分类
sh.601211,J67资本市场服务,证监会行业分类
sh.601225,B06煤炭开采和洗选业,证监会行业分类
sh.601229,J66货币金融服务,证监会行业分类
sh.601236,J67资本市场服务,证监会行业分类
sh.601238,C36汽车制造业,证监会行业分类
sh.601288,J66货币金融服务,证监会行业分类
sh.601298,G55水上运输业,证监会行业分类
sh.601318,J68保险业,证监会行业分类
sh.601319,J68保险业,证监会行业分类
sh.601328,J66货币金融服务,证监会行业分类
sh.601336,J68保险业,证监会行业分类
sh.601360,I64互联网和相关服务,证监会行业分类
sh.601377,J67资本市场服务,证监会行业分类
sh.601390,E48土木工程建筑业,证监会行业分类
sh.601398,J66货币金融服务,证监会行业分类
sh.601456,J67资本市场服务,证监会行业分类
sh.601600,C32有色金属冶炼和压延加工业,证监会行业分类
sh.601601,J68保险业,证监会行业分类
sh.601607,F52零售业,证监会行业分类
sh.601618,E48土木工程建筑业,证监会行业分类
sh.601628,J68保险业,证监会行业分类
sh.601633,C36汽车制造业,证监会行业分类
sh.601658,J66货币金融服务,证监会行业分类
sh.601668,E48土木工程建筑业,证监会行业分类
sh.601669,E48土木工程建筑业,证监会行业分类
sh.601688,J67资本市场服务,证监会行业分类
sh.601689,C36汽车制造业,证监会行业分类
sh.601698,I63电信、广播电视和卫星传输服务,证监会行业分类
sh.601728,I63电信、广播电视和卫星传输服务,证监会行业分类
sh.601766,C37铁路、船舶、航空航天和其他运输设备制造业,证监会行业分类
sh.601788,J67资本市场服务,证监会行业分类
sh.601800,E48土木工程建筑业,证监会行业分类
sh.601808,B11开采专业及辅助性活动,证监会行业分类
sh.601816,G53铁路运输业,证监会行业分类
sh.601818,J66货币金融服务,证监会行业分类
sh.601825,J66货币金融服务,证监会行业分类
sh.601838,J66货币金融服务,证监会行业分类
sh.601857,B07石油和天然气开采业,证监会行业分类
sh.601868,E48土木工程建筑业,证监会行业分类
sh.601872,G55水上运输业,证监会行业分类
sh.601877,C38电气机械和器材制造业,证监会行业分类
sh.601878,J67资本市场服务,证监会行业分类
sh.601881,J67资本市场服务,证监会行业分类
sh.601888,L72商务服务业,证监会行业分类
sh.601898,B06煤炭开采和洗选业,证监会行业分类
sh.601899,B09有色金属矿采选业,证监会行业分类
sh.601901,J67资本市场服务,证监会行业分类
sh.601916,J66货币金融服务,证监会行业分类
sh.601919,G55水上运输业,证监会行业分类
sh.601939,J66货币金融服务,证监会行业分类
sh.601985,D44电力、热力生产和供应业,证监会行业分类
sh.601988,J66货币金融服务,证监会行业分类
sh.601995,J67资本市场服务,证监会行业分类
sh.601998,J66货币金融服务,证监会行业分类
sh.603019,C39计算机、通信和其他电子设备制造业,证监会行业分类
sh.603195,C38电气机械和器材制造业,证监会行业分类
sh.603259,M73研究和试验发展,证监会行业分类
sh.603260,C26化学原料和化学制品制造业,证监会行业分类
sh.603288,C14食品制造业,证监会行业分类
sh.603369,C15酒、饮料和精制茶制造业,证监会行业分类
sh.603392,C27医药制造业,证监会行业分类
sh.603501,C39计算机、通信和其他电子设备制造业,证监会行业分类
sh.603799,C32有色金属冶炼和压延加工业,证监会行业分类
sh.603893,C39计算机、通信和其他电子设备制造业,证监会行业分类
sh.603986,C39计算机、通信和其他电子设备制造业,证监会行业分类
sh.603993,B09有色金属矿采选业,证监会行业分类
sh.605117,C38电气机械和器材制造业,证监会行业分类
sh.605499,C15酒、饮料和精制茶制造业,证监会行业分类
sh.688008,C39计算机、通信和其他电子设备制造业,证监会行业分类
sh.688009,C37铁路、船舶、航空航天和其他运输设备制造业,证监会行业分类
sh.688012,C35专用设备制造业,证监会行业分类
sh.688036,C39计算机、通信和其他电子设备制造业,证监会行业分类
sh.688047,C39计算机、通信和其他电子设备制造业,证监会行业分类
sh.688082,C35专用设备制造业,证监会行业分类
sh.688111,I65软件和信息技术服务业,证监会行业分类
sh.688126,C39计算机、通信和其他电子设备制造业,证监会行业分类
sh.688169,C38电气机械和器材制造业,证监会行业分类
sh.688187,C37铁路、船舶、航空航天和其他运输设备制造业,证监会行业分类
sh.688223,C38电气机械和器材制造业,证监会行业分类
sh.688256,I65软件和信息技术服务业,证监会行业分类
sh.688303,C38电气机械和器材制造业,证监会行业分类
sh.688396,C39计算机、通信和其他电子设备制造业,证监会行业分类
sh.688981,C39计算机、通信和其他电子设备制造业,证监会行业分类
sz.000001,J66货币金融服务,证监会行业分类
sz.000002,K70房地产业,证监会行业分类
sz.000063,C39计算机、通信和其他电子设备制造业,证监会行业分类
sz.000100,C39计算机、通信和其他电子设备制造业,证监会行业分类
sz.000157,C35专用设备制造业,证监会行业分类
sz.000166,J67资本市场服务,证监会行业分类
sz.000301,C28化学纤维制造业,证监会行业分类
sz.000333,C38电气机械和器材制造业,证监会行业分类
sz.000338,C36汽车制造业,证监会行业分类
sz.000408,C26化学原料和化学制品制造业,证监会行业分类
sz.000425,C35专用设备制造业,证监会行业分类
sz.000538,C27医药制造业,证监会行业分类
sz.000568,C15酒、饮料和精制茶制造业,证监会行业分类
sz.000596,C15酒、饮料和精制茶制造业,证监会行业分类
sz.000617,J67资本市场服务,证监会行业分类
sz.000625,C36汽车制造业,证监会行业分类
sz.000630,C32有色金属冶炼和压延加工业,证监会行业分类
sz.000651,C38电气机械和器材制造业,证监会行业分类
sz.000661,C27医药制造业,证监会行业分类
sz.000708,C31黑色金属冶炼和压延加工业,证监会行业分类
sz.000725,C39计算机、通信和其他电子设备制造业,证监会行业分类
sz.000768,C37铁路、船舶、航空航天和其他运输设备制造业,证监会行业分类
sz.000776,J67资本市场服务,证监会行业分类
sz.000786,C30非金属矿物制品业,证监会行业分类
sz.000792,C26化学原料和化学制品制造业,证监会行业分类
sz.000807,C32有色金属冶炼和压延加工业,证监会行业分类
sz.000858,C15酒、饮料和精制茶制造业,证监会行业分类
sz.000876,C13农副食品加工业,证监会行业分类
sz.000895,C13农副食品加工业,证监会行业分类
sz.000938,C39计算机、通信和其他电子设备制造业,证监会行业分类
sz.000963,F52零售业,证监会行业分类
sz.000975,B09有色金属矿采选业,证监会行业分类
sz.000977,C39计算机、通信和其他电子设备制造业,证监会行业分类
sz.000983,B06煤炭开采和洗选业,证监会行业分类
sz.000999,C27医药制造业,证监会行业分类
sz.001965,G54道路运输业,证监会行业分类
sz.001979,K70房地产业,证监会行业分类
sz.002001,C27医药制造业,证监会行业分类
sz.002027,L72商务服务业,证监会行业分类
sz.002028,C38电气机械和器材制造业,证监会行业分类
sz.002049,C39计算机、通信和其他电子设备制造业,证监会行业分类
sz.002050,C34通用设备制造业,证监会行业分类
sz.002074,C38电气机械和器材制造业,证监会行业分类
sz.002142,J66货币金融服务,证监会行业分类
sz.002179,C39计算机、通信和其他电子设备制造业,证监会行业分类
sz.002230,I65软件和信息技术服务业,证监会行业分类
sz.002236,C39计算机、通信和其他电子设备制造业,证监会行业分类
sz.002241,C39计算机、通信和其他电子设备制造业,证监会行业分类
sz.002252,C27医药制造业,证监会行业分类
sz.002304,C15酒、饮料和精制茶制造业,证监会行业分类
sz.002311,C13农副食品加工业,证监会行业分类
sz.002352,G60邮政业,证监会行业分类
sz.002371,C35专用设备制造业,证监会行业分类
sz.002384,C39计算机、通信和其他电子设备制造业,证监会行业分类
sz.002415,C39计算机、通信和其他电子设备制造业,证监会行业分类
sz.002422,C27医药制造业,证监会行业分类
sz.002459,C38电气机械和器材制造业,证监会行业分类
sz.002460,C32有色金属冶炼和压延加工业,证监会行业分类
sz.002463,C39计算机、通信和其他电子设备制造业,证监会行业分类
sz.002466,C32有色金属冶炼和压延加工业,证监会行业分类
sz.002475,C39计算机、通信和其他电子设备制造业,证监会行业分类
sz.002493,C28化学纤维制造业,证监会行业分类
sz.002594,C36汽车制造业,证监会行业分类
sz.002600,C39计算机、通信和其他电子设备制造业,证监会行业分类
sz.002601,C26化学原料和化学制品制造业,证监会行业分类
sz.002625,C37铁路、船舶、航空航天和其他运输设备制造业,证监会行业分类
sz.002648,C26化学原料和化学制品制造业,证监会行业分类
sz.002709,C26化学原料和化学制品制造业,证监会行业分类
sz.002714,A03畜牧业,证监会行业分类
sz.002736,J67资本市场服务,证监会行业分类
sz.002916,C39计算机、通信和其他电子设备制造业,证监会行业分类
sz.002920,C39计算机、通信和其他电子设备制造业,证监会行业分类
sz.002938,C39计算机、通信和其他电子设备制造业,证监会行业分类
sz.003816,D44电力、热力生产和供应业,证监会行业分类
sz.300014,C38电气机械和器材制造业,证监会行业分类
sz.300015,Q84卫生,证监会行业分类
sz.300033,J69其他金融业,证监会行业分类
sz.300059,J67资本市场服务,证监会行业分类
sz.300122,C27医药制造业,证监会行业分类
sz.300124,C38电气机械和器材制造业,证监会行业分类
sz.300251,R87广播、电视、电影和录音制作业,证监会行业分类
sz.300274,C38电气机械和器材制造业,证监会行业分类
sz.300308,C39计算机、通信和其他电子设备制造业,证监会行业分类
sz.300316,C35专用设备制造业,证监会行业分类
sz.300347,M73研究和试验发展,证监会行业分类
sz.300394,C39计算机、通信和其他电子设备制造业,证监会行业分类
sz.300408,C39计算机、通信和其他电子设备制造业,证监会行业分类
sz.300413,R88文化艺术业,证监会行业分类
sz.300418,I64互联网和相关服务,证监会行业分类
sz.300433,C39计算机、通信和其他电子设备制造业,证监会行业分类
sz.300442,C35专用设备制造业,证监会行业分类
sz.300476,C39计算机、通信和其他电子设备制造业,证监会行业分类
sz.300498,A03畜牧业,证监会行业分类
sz.300502,C39计算机、通信和其他电子设备制造业,证监会行业分类
sz.300628,C39计算机、通信和其他电子设备制造业,证监会行业分类
sz.300661,C39计算机、通信和其他电子设备制造业,证监会行业分类
sz.300750,C38电气机械和器材制造业,证监会行业分类
sz.300759,M73研究和试验发展,证监会行业分类
sz.300760,C35专用设备制造业,证监会行业分类
sz.300782,C39计算机、通信和其他电子设备制造业,证监会行业分类
sz.300803,J69其他金融业,证监会行业分类
sz.300832,C27医药制造业,证监会行业分类
sz.300866,C39计算机、通信和其他电子设备制造业,证监会行业分类
sz.300896,C35专用设备制造业,证监会行业分类
sz.300979,C19皮革、毛皮、羽毛及其制品和制鞋业,证监会行业分类
sz.300999,C13农副食品加工业,证监会行业分类
sz.301236,I65软件和信息技术服务业,证监会行业分类
sz.301269,I65软件和信息技术服务业,证监会行业分类
sh.600930,Unknown,Unknown
sh.601059,Unknown,Unknown
sh.601136,Unknown,Unknown
sh.603296,Unknown,Unknown
sh.688041,Unknown,Unknown
sh.688271,Unknown,Unknown
sh.688472,Unknown,Unknown
sh.688506,Unknown,Unknown
sz.001391,Unknown,Unknown
sz.302132,Unknown,Unknown
